hash,timestamp,blockNumber,status,route,testMode,sourceToken,targetToken,amountIn,amountInFormatted,finalBalance,finalBalanceFormatted,profit,profitFormatted,profitPercent,firstLeg_dex,firstLeg_router,firstLeg_expectedOutput,firstLeg_actualOutput,firstLeg_outputDelta,firstLeg_accuracyPercent,secondLeg_dex,secondLeg_router,secondLeg_expectedOutput,secondLeg_actualOutput,secondLeg_outputDelta,secondLeg_accuracyPercent,overallAccuracy,profitPredictionAccuracy,profitImpact,gasUsed,gasPrice,gasCost,gasCostInUSD,executionTime,quoteAge
0xa64df91462d8a3e1c9d89853f72899090842d59af46ce1ff216529b1606a2991,2025-03-15T18:34:53.000Z,58769296,success,traderjoe-to-uniswap,true,USDC,WAVAX,970811,0.970811,50995442,50.995442,-1003,-0.001003,-0.10,traderjoe,0x18556DA13313f3532c54711497A8FedAC273220E,51953753240408910,51953753240408910,0,0.00,uniswap,0xbb00FF08d01D300023C629E8fFfFcb65A5a578cE,969808,969808,0,0.00,0.00,100.00,-0.00,339084,3000000000,0.001017252,0.02,17,0
0x497b16be9085ef944065be4b0f476a53477a9003ae7926cfe15ff7e5664bc52c,2025-03-15T18:35:27.000Z,58769314,success,traderjoe-to-uniswap,true,USDC,WAVAX,962236,0.962236,50993979,50.993979,-702,-0.000702,-0.07,traderjoe,0x18556DA13313f3532c54711497A8FedAC273220E,51494882386029402,51494882386029402,0,0.00,uniswap,0xbb00FF08d01D300023C629E8fFfFcb65A5a578cE,961534,961534,0,0.00,0.00,100.00,-0.00,334690,3000000000,0.00100407,0.02,17,0
0x4662c641b2b51ba91483611678a6754223751ef2a2da6d9f9fa20347c956bbae,2025-03-15T18:35:59.000Z,58769329,success,traderjoe-to-uniswap,true,USDC,WAVAX,1015949,1.015949,50992100,50.9921,-742,-0.000742,-0.07,traderjoe,0x18556DA13313f3532c54711497A8FedAC273220E,54369370198710556,54369370198710556,0,0.00,uniswap,0xbb00FF08d01D300023C629E8fFfFcb65A5a578cE,1015207,1015207,0,0.00,0.00,100.00,0.00,334690,3000000000,0.00100407,0.02,17,0
0xda5d489d01630a970b4c8d4d1b2b2c2bebb65290eb68d766884d1ef032d8f0f7,2025-03-15T18:48:42.000Z,58769715,success,traderjoe-to-uniswap,true,USDC,WAVAX,15089742,15.089742,50964945,50.964945,-7923,-0.007923,-0.05,traderjoe,0x18556DA13313f3532c54711497A8FedAC273220E,810770600432496688,810770600432496688,0,0.00,uniswap,0xbb00FF08d01D300023C629E8fFfFcb65A5a578cE,15081819,15081819,0,0.00,0.00,100.00,-0.00,334674,3000000000,0.001004022,0.02,17,0
0x6ab3e4c35d1e8a52180825065c3dfd1fc305eb3cfb399403dc119242776f58b6,2025-03-15T18:49:19.000Z,58769734,success,traderjoe-to-uniswap,true,USDC,WAVAX,15280489,15.280489,50931471,50.931471,-15500,-0.0155,-0.10,traderjoe,0x18556DA13313f3532c54711497A8FedAC273220E,821825625157634325,821825625157634325,0,0.00,uniswap,0xbb00FF08d01D300023C629E8fFfFcb65A5a578cE,15264989,15264989,0,0.00,0.00,100.00,-0.00,334710,3000000000,0.00100413,0.02,17,0
0xf21c78ffd98cb82e8616d2702b8b8425c5ff72775b996df02cbf0d827650f714,2025-03-15T18:49:50.000Z,58769747,success,traderjoe-to-uniswap,true,USDC,WAVAX,14428509,14.428509,50904255,50.904255,-14289,-0.014289,-0.09,traderjoe,0x18556DA13313f3532c54711497A8FedAC273220E,776003823767054610,776003823767054610,0,0.00,uniswap,0xbb00FF08d01D300023C629E8fFfFcb65A5a578cE,14414216,14414220,0.000004000000000559112,0.00,0.00,100.00,0.00,334710,3000000000,0.00100413,0.02,17,0
0x39fb4a382e9416103a25d73c84d90bf3f1a2559c4c9e4d978eb760add133ea5f,2025-03-15T18:50:42.000Z,58769772,success,traderjoe-to-uniswap,true,USDC,WAVAX,14577451,14.577451,50868438,50.868438,-18989,-0.018989,-0.13,traderjoe,0x18556DA13313f3532c54711497A8FedAC273220E,783346911615285595,783346911615285595,0,0.00,uniswap,0xbb00FF08d01D300023C629E8fFfFcb65A5a578cE,14558462,14558462,0,0.00,0.00,100.00,-0.00,351992,3000000000,0.001055976,0.02,18,0
0xd9b7c1f7ccd1496efd3195b2d7941e0d65ee9506080b19726240dee66f8eb358,2025-03-15T18:51:40.000Z,58769802,success,traderjoe-to-uniswap,true,USDC,WAVAX,14311618,14.311618,50836098,50.836098,-18299,-0.018299,-0.12,traderjoe,0x18556DA13313f3532c54711497A8FedAC273220E,768962995880605303,769079087050237816,0.00011609116963251509,0.02,uniswap,0xbb00FF08d01D300023C629E8fFfFcb65A5a578cE,14293319,14293319,-1.7763568394002505e-15,-0.00,0.01,100.00,-0.00,334582,3000000000,0.001003746,0.02,18,0
0x2ac69469fdb6c37b4b597cc70597c73ca04c3c606c13944d232368467cf83fd0,2025-03-15T18:52:12.000Z,58769820,success,traderjoe-to-uniswap,true,USDC,WAVAX,15571570,15.57157,50816558,50.816558,-9629,-0.009629,-0.06,traderjoe,0x18556DA13313f3532c54711497A8FedAC273220E,837480755352062214,837596846521694727,0.00011609116963251509,0.01,uniswap,0xbb00FF08d01D300023C629E8fFfFcb65A5a578cE,15566992,15561941,-0.005051000000001693,-0.03,-0.02,100.00,-0.03,317613,3000000000,0.000952839,0.02,17,0
0x26c4ecd82dc897197481b5fb85d3e8582f4e5a9047eb06ac0676d62e85e17266,2025-03-15T18:52:48.000Z,58769837,success,traderjoe-to-uniswap,true,USDC,WAVAX,15326653,15.326653,50777170,50.77717,-21065,-0.021065,-0.13,traderjoe,0x18556DA13313f3532c54711497A8FedAC273220E,824308441554930413,824424532724562926,0.00011609116963251509,0.01,uniswap,0xbb00FF08d01D300023C629E8fFfFcb65A5a578cE,15305588,15305588,0,0.00,0.00,100.00,0.00,317627,3000000000,0.000952881,0.02,17,0
0xbf1e4c92e5c352b1aafa55347697950f8c7f98efc25ff2d6c41f306bce41c584,2025-03-15T18:53:19.000Z,58769852,success,traderjoe-to-uniswap,true,USDC,WAVAX,14466963,14.466963,50745086,50.745086,-25105,-0.025105,-0.17,traderjoe,0x18556DA13313f3532c54711497A8FedAC273220E,778072012408682276,778188103578314789,0.00011609116963251509,0.01,uniswap,0xbb00FF08d01D300023C629E8fFfFcb65A5a578cE,14441858,14441858,0,0.00,0.00,100.00,-0.00,317575,3000000000,0.000952725,0.02,17,0
0xa6cace38be6c8f779486d640fa49dedc542264c5968fe16b811813d2af63f9fa,2025-03-15T18:53:52.000Z,58769869,success,traderjoe-to-uniswap,true,USDC,WAVAX,14253652,14.253652,50720896,50.720896,-22261,-0.022261,-0.15,traderjoe,0x18556DA13313f3532c54711497A8FedAC273220E,766599586320456840,766715677490089353,0.00011609116963251509,0.02,uniswap,0xbb00FF08d01D300023C629E8fFfFcb65A5a578cE,14231389,14231391,0.000002000000000279556,0.00,0.01,100.00,0.00,316631,3000000000,0.000949893,0.02,17,0
0x95d5f8c914c9597a2f3a4cd8ada7e1335c3458fca6dab245bec55427d06e3257,2025-03-15T18:54:25.000Z,58769886,success,traderjoe-to-uniswap,true,USDC,WAVAX,14356367,14.356367,50694127,50.694127,-22384,-0.022384,-0.15,traderjoe,0x18556DA13313f3532c54711497A8FedAC273220E,772123885087940946,772239976257573459,0.00011609116963251509,0.02,uniswap,0xbb00FF08d01D300023C629E8fFfFcb65A5a578cE,14333983,14333983,0,0.00,0.01,100.00,0.00,316631,3000000000,0.000949893,0.02,17,0
0xf8fd7ef0db082dc409bf712fd37645885f08a392791e3cda95ef33df124d42ba,2025-03-15T18:54:59.000Z,58769903,success,traderjoe-to-uniswap,true,USDC,WAVAX,15561820,15.56182,50664893,50.664893,-15335,-0.015335,-0.09,traderjoe,0x18556DA13313f3532c54711497A8FedAC273220E,837624140572886226,837728472485822225,0.00010433191293601762,0.01,uniswap,0xbb00FF08d01D300023C629E8fFfFcb65A5a578cE,15546485,15546485,0,0.00,0.00,100.00,0.00,334868,3000000000,0.001004604,0.02,18,0
0xfcafff51cea8ae5a7a139d1fd2afce49004cfd0f04367d28f5966a657e96c797,2025-03-15T18:55:34.000Z,58769920,success,traderjoe-to-uniswap,true,USDC,WAVAX,14981502,14.981502,50638942,50.638942,-12039,-0.012039,-0.08,traderjoe,0x18556DA13313f3532c54711497A8FedAC273220E,806530061325889270,806634393238825269,0.00010433191293601762,0.01,uniswap,0xbb00FF08d01D300023C629E8fFfFcb65A5a578cE,14969463,14969463,1.7763568394002505e-15,0.00,0.00,100.00,0.00,317561,3000000000,0.000952683,0.02,17,0
0x4966a024450d8b6ba30c6a528a35e44536d0d0e3202366af621cb837b45000d7,2025-03-15T18:56:07.000Z,58769937,success,traderjoe-to-uniswap,true,USDC,WAVAX,15100308,15.100308,50610535,50.610535,-12122,-0.012122,-0.08,traderjoe,0x18556DA13313f3532c54711497A8FedAC273220E,812925947398299616,813030279311235615,0.00010433191293601762,0.01,uniswap,0xbb00FF08d01D300023C629E8fFfFcb65A5a578cE,15088186,15088186,0,0.00,0.00,100.00,-0.00,317585,3000000000,0.000952755,0.02,17,0
0xcb38a0312df6d33cf91e9bcd7f043121c88cc734971fbe8dda8f778eb05aaad9,2025-03-15T18:56:44.000Z,58769957,success,traderjoe-to-uniswap,true,USDC,WAVAX,15593976,15.593976,50581934,50.581934,-12506,-0.012506,-0.08,traderjoe,0x18556DA13313f3532c54711497A8FedAC273220E,839502609584120186,839606941497056185,0.00010433191293601762,0.01,uniswap,0xbb00FF08d01D300023C629E8fFfFcb65A5a578cE,15581470,15581470,0,0.00,0.00,100.00,0.00,317585,3000000000,0.000952755,0.02,17,0
0x8d86073b0fc362a65efc67bee4f142cb1ee91422c568fc160470dc9c9376e882,2025-03-15T18:57:19.000Z,58769976,success,traderjoe-to-uniswap,true,USDC,WAVAX,14576120,14.57612,50544359,50.544359,-20678,-0.020678,-0.14,traderjoe,0x18556DA13313f3532c54711497A8FedAC273220E,784706296903842677,784810628816778676,0.00010433191293601762,0.01,uniswap,0xbb00FF08d01D300023C629E8fFfFcb65A5a578cE,14555442,14555442,0,0.00,0.00,100.00,0.00,317585,3000000000,0.000952755,0.02,17,0
0xe68e07bcc25333be3a2f71ce70e8c1be9e27bcd09b2eea896876fbc07709d092,2025-03-15T18:57:52.000Z,58769993,success,traderjoe-to-uniswap,true,USDC,WAVAX,14884008,14.884008,50522777,50.522777,-6745,-0.006745,-0.04,traderjoe,0x18556DA13313f3532c54711497A8FedAC273220E,802055440647220238,802159772560156237,0.00010433191293601762,0.01,uniswap,0xbb00FF08d01D300023C629E8fFfFcb65A5a578cE,14877263,14877263,0,0.00,0.00,100.00,0.00,317625,3000000000,0.000952875,0.02,17,0
0xb8dcdfd689c88e160c49bfe566cee6c1ecdb6a74cd4bf747d640c982220ec8e1,2025-03-15T18:58:25.000Z,58770008,success,traderjoe-to-uniswap,true,USDC,WAVAX,14473178,14.473178,50493539,50.493539,-9941,-0.009941,-0.06,traderjoe,0x18556DA13313f3532c54711497A8FedAC273220E,779916994332411808,780021326245347807,0.00010433191293601762,0.01,uniswap,0xbb00FF08d01D300023C629E8fFfFcb65A5a578cE,14463237,14463237,1.7763568394002505e-15,0.00,0.00,100.00,0.00,317645,3000000000,0.000952935,0.02,17,0
0x1a87445000c1c56d7e62138d550bc15e68b74b04f81787a2c2c48cbbcfa10020,2025-03-15T18:58:59.000Z,58770025,success,traderjoe-to-uniswap,true,USDC,WAVAX,15050243,15.050243,50452863,50.452863,-23488,-0.023488,-0.15,traderjoe,0x18556DA13313f3532c54711497A8FedAC273220E,810230703309108296,810335035222044295,0.00010433191293601762,0.01,uniswap,0xbb00FF08d01D300023C629E8fFfFcb65A5a578cE,15026755,15026755,0,0.00,0.00,100.00,0.00,317589,3000000000,0.000952767,0.02,17,0
0xfd20d421967d70d8942d2c26a5daffb009dd9f935eb1abccb4a6fd0796c1f107,2025-03-15T18:59:32.000Z,58770042,success,traderjoe-to-uniswap,true,USDC,WAVAX,15744264,15.744264,50430879,50.430879,-9505,-0.009505,-0.06,traderjoe,0x18556DA13313f3532c54711497A8FedAC273220E,847593350798184992,847697682711120991,0.00010433191293601762,0.01,uniswap,0xbb00FF08d01D300023C629E8fFfFcb65A5a578cE,15734759,15734759,-1.7763568394002505e-15,-0.00,0.00,100.00,-0.00,316631,3000000000,0.000949893,0.02,17,0
0x4c18613bdc8e2410ac8d97ab3fe84a59b580242d31e7c22170b2bc832ec55ac6,2025-03-15T19:00:08.000Z,58770061,success,traderjoe-to-uniswap,true,USDC,WAVAX,15121864,15.121864,50401641,50.401641,-9131,-0.009131,-0.06,traderjoe,0x18556DA13313f3532c54711497A8FedAC273220E,814086407194984725,814190739107920724,0.00010433191293601762,0.01,uniswap,0xbb00FF08d01D300023C629E8fFfFcb65A5a578cE,15112733,15112733,0,0.00,0.00,100.00,0.00,316631,3000000000,0.000949893,0.02,17,0
0x1df4ec61a104ba7c071c8da9775cb1d5dd3260e1b1cf9cdd939db0e6871306a3,2025-03-15T19:00:42.000Z,58770079,success,traderjoe-to-uniswap,true,USDC,WAVAX,14675306,14.675306,50355209,50.355209,-27715,-0.027715,-0.18,traderjoe,0x18556DA13313f3532c54711497A8FedAC273220E,790046360411578081,790150692324514080,0.00010433191293601762,0.01,uniswap,0xbb00FF08d01D300023C629E8fFfFcb65A5a578cE,14653685,14647591,-0.006093999999999156,-0.04,-0.02,100.00,-0.04,334682,3000000000,0.001004046,0.02,18,0
0xf9333c076b4bc68d18434c43e7c63e111b271c3cbbd1d535d36bfac61036583e,2025-03-15T19:01:13.000Z,58770097,success,traderjoe-to-uniswap,true,USDC,WAVAX,14813094,14.813094,50315361,50.315361,-24793,-0.024793,-0.16,traderjoe,0x18556DA13313f3532c54711497A8FedAC273220E,798998718136018384,799445697795812624,0.00044697965979423326,0.06,uniswap,0xbb00FF08d01D300023C629E8fFfFcb65A5a578cE,14788301,14788301,-1.7763568394002505e-15,-0.00,0.02,100.00,-0.00,317598,3020921451,0.000959438610994698,0.02,17,0
0x9539d5ac41b8e9cd1a0d99b0a8a478ec9052c2c3750b93631a41b7db564205d7,2025-03-15T19:01:47.000Z,58770114,success,traderjoe-to-uniswap,true,USDC,WAVAX,14349998,14.349998,50300508,50.300508,-21896,-0.021896,-0.15,traderjoe,0x18556DA13313f3532c54711497A8FedAC273220E,774209771454890712,774656751114684952,0.00044697965979423326,0.06,uniswap,0xbb00FF08d01D300023C629E8fFfFcb65A5a578cE,14328102,14328102,0,0.00,0.02,100.00,-0.00,334956,3000000000,0.001004868,0.02,18,0
0xbc37fb4190424bc4d072487543884472fe226254311abc784cd8c4d0e6de3b4d,2025-03-15T19:02:21.000Z,58770130,success,traderjoe-to-uniswap,true,USDC,WAVAX,15635453,15.635453,50268796,50.268796,-20401,-0.020401,-0.13,traderjoe,0x18556DA13313f3532c54711497A8FedAC273220E,843397286030054528,843688139028111086,0.00029085299805664544,0.03,uniswap,0xbb00FF08d01D300023C629E8fFfFcb65A5a578cE,15615052,15615052,0,0.00,0.01,100.00,-0.00,334984,3000000000,0.001004952,0.02,18,0
0x4c19ebc90ea7b8ea27fde9e443d94e78dc083b0c80fd1a4e61a35c5416f5abf2,2025-03-15T19:02:53.000Z,58770146,success,traderjoe-to-uniswap,true,USDC,WAVAX,14822584,14.822584,50238957,50.238957,-18728,-0.018728,-0.12,traderjoe,0x18556DA13313f3532c54711497A8FedAC273220E,799510599046668274,799725129724509246,0.0002145306778409406,0.03,uniswap,0xbb00FF08d01D300023C629E8fFfFcb65A5a578cE,14803856,14803856,1.7763568394002505e-15,0.00,0.01,100.00,0.00,317645,3002281218,0.00095365961749161,0.02,17,0
0x2c41577e6a4ba361827d353cd97d1b028a6ae77cd00424449445d70d22f1ce65,2025-03-15T18:34:23.000Z,58769283,success,uniswap-to-traderjoe,true,USDC,WAVAX,1046457,1.046457,50996445,50.996445,-1696,-0.001696,-0.16,uniswap,0xbb00FF08d01D300023C629E8fFfFcb65A5a578cE,56003813194036853,56003813194036853,0,0.00,traderjoe,0x18556DA13313f3532c54711497A8FedAC273220E,1044761,1044761,0,0.00,0.00,100.00,-0.00,351484,3000000000,0.001054452,0.02,18,0
0x774b80bfcc7810139e35ca8d936e67fabb3f6e207fbc600b9eb3b0f2d04e0412,2025-03-15T18:35:10.000Z,58769303,success,uniswap-to-traderjoe,true,USDC,WAVAX,953975,0.953975,50994681,50.994681,-761,-0.000761,-0.07,uniswap,0xbb00FF08d01D300023C629E8fFfFcb65A5a578cE,51053557912541623,51053557912541623,0,0.00,traderjoe,0x18556DA13313f3532c54711497A8FedAC273220E,953214,953214,0,0.00,0.00,100.00,0.00,335187,3000000000,0.001005561,0.02,17,0
0x6e0f57c963e3b50d1a1b12e2171b06b587fdc41526b7e01eb42fef2b30640cbb,2025-03-15T18:35:44.000Z,58769321,success,uniswap-to-traderjoe,true,USDC,WAVAX,1048457,1.048457,50992842,50.992842,-1137,-0.001137,-0.10,uniswap,0xbb00FF08d01D300023C629E8fFfFcb65A5a578cE,56093842825626269,56093842825626269,0,0.00,traderjoe,0x18556DA13313f3532c54711497A8FedAC273220E,1047320,1047320,0,0.00,0.00,100.00,-0.00,335190,3000000000,0.00100557,0.02,17,0
0x21e67e7a948fe8e817ea2520e15b6fc7120f381f2d7c1526d1a18349080a54d6,2025-03-15T18:48:25.000Z,58769704,success,uniswap-to-traderjoe,true,USDC,WAVAX,15244566,15.244566,50972868,50.972868,-19232,-0.019232,-0.12,uniswap,0xbb00FF08d01D300023C629E8fFfFcb65A5a578cE,818549446062938765,818549446062938765,0,0.00,traderjoe,0x18556DA13313f3532c54711497A8FedAC273220E,15225334,15225334,0,0.00,0.00,100.00,0.00,353142,3000000000,0.001059426,0.02,18,0
0x8d717bac2d4e3d0641069318a442bd420e8b6e10318ca69036b626ba4548471e,2025-03-15T18:49:00.000Z,58769724,success,uniswap-to-traderjoe,true,USDC,WAVAX,15714390,15.71439,50946971,50.946971,-17974,-0.017974,-0.11,uniswap,0xbb00FF08d01D300023C629E8fFfFcb65A5a578cE,844922350546301165,844922350546301165,0,0.00,traderjoe,0x18556DA13313f3532c54711497A8FedAC273220E,15696416,15696416,0,0.00,0.00,100.00,0.00,335216,3000000000,0.001005648,0.02,17,0
0xbb3eb2b1fd296324068db6e3a861b6983e8b6aa13e44550e646dddd608a1948a,2025-03-15T18:49:34.000Z,58769740,success,uniswap-to-traderjoe,true,USDC,WAVAX,15280264,15.280264,50918544,50.918544,-12927,-0.012927,-0.08,uniswap,0xbb00FF08d01D300023C629E8fFfFcb65A5a578cE,821825496462354505,821825496462354505,0,0.00,traderjoe,0x18556DA13313f3532c54711497A8FedAC273220E,15267337,15267337,1.7763568394002505e-15,0.00,0.00,100.00,0.00,335237,3000000000,0.001005711,0.02,17,0
0x7e788b55ccd35b9e9174e82947d1fc697d89a221288565ac00be785427f3615f,2025-03-15T18:50:21.000Z,58769761,success,uniswap-to-traderjoe,true,USDC,WAVAX,14981559,14.981559,50887427,50.887427,-16828,-0.016828,-0.11,uniswap,0xbb00FF08d01D300023C629E8fFfFcb65A5a578cE,805536477621635074,805536477621635074,0,0.00,traderjoe,0x18556DA13313f3532c54711497A8FedAC273220E,14964731,14964731,0,0.00,0.00,100.00,0.00,335216,3000000000,0.001005648,0.02,17,0
0x78cf24acc1c80642c08c3fa53906e7bce96ec6f258fa9d6b2b61fe2725a59810,2025-03-15T18:51:17.000Z,58769790,success,uniswap-to-traderjoe,true,USDC,WAVAX,14902967,14.902967,50854397,50.854397,-14041,-0.014041,-0.09,uniswap,0xbb00FF08d01D300023C629E8fFfFcb65A5a578cE,800640886555434723,800756977725067236,0.00011609116963251509,0.01,traderjoe,0x18556DA13313f3532c54711497A8FedAC273220E,14888926,14888926,0,0.00,0.00,100.00,0.00,335167,3000000000,0.001005501,0.02,17,0
0x71e311823204bde44dce01868044a2434acec28b37c3390e97ef5d3f70077b8b,2025-03-15T18:51:56.000Z,58769809,success,uniswap-to-traderjoe,true,USDC,WAVAX,15661603,15.661603,50826187,50.826187,-9911,-0.009911,-0.06,uniswap,0xbb00FF08d01D300023C629E8fFfFcb65A5a578cE,841732509707214408,841848600876846921,0.00011609116963251509,0.01,traderjoe,0x18556DA13313f3532c54711497A8FedAC273220E,15651692,15651692,-1.7763568394002505e-15,-0.00,0.00,100.00,-0.00,335334,3000000000,0.001006002,0.02,18,0
0x80ddc9001c711700e84ec086a3affcf0380c6933a45ca35a4b86857eb565e017,2025-03-15T18:52:28.000Z,58769827,success,uniswap-to-traderjoe,true,USDC,WAVAX,14754858,14.754858,50798235,50.798235,-18323,-0.018323,-0.12,uniswap,0xbb00FF08d01D300023C629E8fFfFcb65A5a578cE,793252965451264947,793369056620897460,0.00011609116963240407,0.01,traderjoe,0x18556DA13313f3532c54711497A8FedAC273220E,14736535,14736535,0,0.00,0.00,100.00,0.00,318116,3000000000,0.000954348,0.02,17,0
0x2223c1fe399103c26015b8363a3e4cf082219aaee338cae0cdb6508ee794d820,2025-03-15T18:53:02.000Z,58769845,success,uniswap-to-traderjoe,true,USDC,WAVAX,14310813,14.310813,50770191,50.770191,-6979,-0.006979,-0.04,uniswap,0xbb00FF08d01D300023C629E8fFfFcb65A5a578cE,769961085557705272,770077176727337785,0.00011609116963251509,0.02,traderjoe,0x18556DA13313f3532c54711497A8FedAC273220E,14303834,14303834,0,0.00,0.01,100.00,-0.00,318154,3000000000,0.000954462,0.02,17,0
0x29ea02c2c56b466be76168d15ffbc1ce7e17c0dd775cd992b94b9f0646f57302,2025-03-15T18:53:36.000Z,58769861,success,uniswap-to-traderjoe,true,USDC,WAVAX,15478802,15.478802,50743157,50.743157,-1929,-0.001929,-0.01,uniswap,0xbb00FF08d01D300023C629E8fFfFcb65A5a578cE,833104586417746333,833220677587378846,0.00011609116963251509,0.01,traderjoe,0x18556DA13313f3532c54711497A8FedAC273220E,15476873,15476873,0,0.00,0.00,100.00,0.00,318102,3000000000,0.000954306,0.02,17,0
0x0ece86edc4f24bcc7e2f78160eaac9ae6a4e8bc95cc6e1e4b1d58804891fdc74,2025-03-15T18:54:09.000Z,58769878,success,uniswap-to-traderjoe,true,USDC,WAVAX,14704108,14.704108,50716511,50.716511,-4385,-0.004385,-0.02,uniswap,0xbb00FF08d01D300023C629E8fFfFcb65A5a578cE,791271381415693852,791387472585326365,0.00011609116963251509,0.01,traderjoe,0x18556DA13313f3532c54711497A8FedAC273220E,14699723,14699723,0,0.00,0.00,100.00,-0.00,317158,3000000000,0.000951474,0.02,17,0
0xfb7427d0d76a9ecfa10c886c3946185015a4a627d7757e9e4269c13abf1f02df,2025-03-15T18:54:43.000Z,58769896,success,uniswap-to-traderjoe,true,USDC,WAVAX,14585643,14.585643,50680228,50.680228,-13899,-0.013899,-0.09,uniswap,0xbb00FF08d01D300023C629E8fFfFcb65A5a578cE,785085988539453798,785190320452389797,0.00010433191293601762,0.01,traderjoe,0x18556DA13313f3532c54711497A8FedAC273220E,14571744,14571744,-1.7763568394002505e-15,-0.00,0.00,100.00,-0.00,335370,3000000000,0.00100611,0.02,18,0
0x73519b5e5b9c3020ca1552999938d912d54ede62ed85331af7116860e7f4e78a,2025-03-15T18:55:17.000Z,58769912,success,uniswap-to-traderjoe,true,USDC,WAVAX,15230145,15.230145,50650981,50.650981,-13912,-0.013912,-0.09,uniswap,0xbb00FF08d01D300023C629E8fFfFcb65A5a578cE,819759730220361662,819864062133297661,0.00010433191293601762,0.01,traderjoe,0x18556DA13313f3532c54711497A8FedAC273220E,15216233,15216233,0,0.00,0.00,100.00,-0.00,335370,3000000000,0.00100611,0.02,18,0
0xa5b552ae66fa77d53e30eb4d90979c122eab556ef6b64842bf0f5e476eb5d27d,2025-03-15T18:55:50.000Z,58769927,success,uniswap-to-traderjoe,true,USDC,WAVAX,15295946,15.295946,50622657,50.622657,-16285,-0.016285,-0.10,uniswap,0xbb00FF08d01D300023C629E8fFfFcb65A5a578cE,823296438926867920,823400770839803919,0.00010433191293601762,0.01,traderjoe,0x18556DA13313f3532c54711497A8FedAC273220E,15279661,15279661,0,0.00,0.00,100.00,-0.00,266558,3000000000,0.000799674,0.01,18,0
0x822e481804b60f1c9c557cadf5a64fe3322f7dbdc6cd811e20dab1d81dcda326,2025-03-15T18:56:23.000Z,58769945,success,uniswap-to-traderjoe,true,USDC,WAVAX,14505142,14.505142,50594440,50.59444,-16095,-0.016095,-0.11,uniswap,0xbb00FF08d01D300023C629E8fFfFcb65A5a578cE,780731181881625771,780835513794561770,0.0001043319129359066,0.01,traderjoe,0x18556DA13313f3532c54711497A8FedAC273220E,14489047,14489047,0,0.00,0.00,100.00,-0.00,318112,3000000000,0.000954336,0.02,17,0
0x720b378b3e5e573b4bf173cace8dcb8af13f1ae7029fc532ab80ed91b409e9ff,2025-03-15T18:57:01.000Z,58769964,success,uniswap-to-traderjoe,true,USDC,WAVAX,15217872,15.217872,50565037,50.565037,-16897,-0.016897,-0.11,uniswap,0xbb00FF08d01D300023C629E8fFfFcb65A5a578cE,819092885108996722,819197217021932721,0.00010433191293601762,0.01,traderjoe,0x18556DA13313f3532c54711497A8FedAC273220E,15200975,15200975,0,0.00,0.00,100.00,0.00,318088,3000000000,0.000954264,0.02,17,0
0xac4d565a2d349dc046558f9c6a6afad6cac211667dfb70f5b586cdb87dc96f50,2025-03-15T18:57:36.000Z,58769986,success,uniswap-to-traderjoe,true,USDC,WAVAX,15007638,15.007638,50529522,50.529522,-14837,-0.014837,-0.09,uniswap,0xbb00FF08d01D300023C629E8fFfFcb65A5a578cE,808275267388393516,808379599301329515,0.00010433191293601762,0.01,traderjoe,0x18556DA13313f3532c54711497A8FedAC273220E,14992801,14992801,0,0.00,0.00,100.00,-0.00,339213,3000000000,0.001017639,0.02,18,0
0x08fd3069496a717f11e0433c33262b88bd10a207b9408684098f2f8ed6b90bf3,2025-03-15T18:58:09.000Z,58769999,success,uniswap-to-traderjoe,true,USDC,WAVAX,15069017,15.069017,50503480,50.50348,-19297,-0.019297,-0.12,uniswap,0xbb00FF08d01D300023C629E8fFfFcb65A5a578cE,811580954314067580,811685286227003579,0.0001043319129359066,0.01,traderjoe,0x18556DA13313f3532c54711497A8FedAC273220E,15049720,15049720,0,0.00,0.00,100.00,-0.00,266558,3000000000,0.000799674,0.01,18,0
0xd0f052a9e99f4171021c88f26e7043b5e2a211ceed017c286a6069cbf9f18bf3,2025-03-15T18:58:42.000Z,58770017,success,uniswap-to-traderjoe,true,USDC,WAVAX,14388364,14.388364,50476351,50.476351,-17188,-0.017188,-0.11,uniswap,0xbb00FF08d01D300023C629E8fFfFcb65A5a578cE,775103775655131290,775208107568067289,0.0001043319129359066,0.01,traderjoe,0x18556DA13313f3532c54711497A8FedAC273220E,14371176,14371176,-1.7763568394002505e-15,-0.00,0.00,100.00,-0.00,266578,3000000000,0.000799734,0.01,18,0
0x454d184774a6c8903e70ba216fe901bcbd98f7264d072815dd0e7b13484121e4,2025-03-15T18:59:16.000Z,58770034,success,uniswap-to-traderjoe,true,USDC,WAVAX,15013477,15.013477,50440384,50.440384,-12479,-0.012479,-0.08,uniswap,0xbb00FF08d01D300023C629E8fFfFcb65A5a578cE,808317263915231104,808421595828167103,0.00010433191293601762,0.01,traderjoe,0x18556DA13313f3532c54711497A8FedAC273220E,15000998,15000998,0,0.00,0.00,100.00,0.00,318142,3000000000,0.000954426,0.02,17,0
0x31ada4762f866b8437275b01eba7da0d68c84e1b742be8819f3845a34864c8b2,2025-03-15T18:59:49.000Z,58770051,success,uniswap-to-traderjoe,true,USDC,WAVAX,15345518,15.345518,50410772,50.410772,-20107,-0.020107,-0.13,uniswap,0xbb00FF08d01D300023C629E8fFfFcb65A5a578cE,825798001638519355,825902333551455354,0.00010433191293601762,0.01,traderjoe,0x18556DA13313f3532c54711497A8FedAC273220E,15325411,15325411,0,0.00,0.00,100.00,-0.00,317158,3000000000,0.000951474,0.02,17,0
0xb13bdf2839881011497ddf00ccc533e046107206b0d28e3e689b514b8313022b,2025-03-15T19:00:23.000Z,58770067,success,uniswap-to-traderjoe,true,USDC,WAVAX,14304605,14.304605,50382924,50.382924,-18717,-0.018717,-0.13,uniswap,0xbb00FF08d01D300023C629E8fFfFcb65A5a578cE,769784121025387983,769888452938323982,0.00010433191293601762,0.01,traderjoe,0x18556DA13313f3532c54711497A8FedAC273220E,14285888,14285888,0,0.00,0.00,100.00,0.00,317158,3000000000,0.000951474,0.02,17,0
0x243b23823663fd6e434eb35c750330a27d0ddb28f76b30f479553b36311ca66d,2025-03-15T19:00:57.000Z,58770085,success,uniswap-to-traderjoe,true,USDC,WAVAX,14264055,14.264055,50340154,50.340154,-15055,-0.015055,-0.10,uniswap,0xbb00FF08d01D300023C629E8fFfFcb65A5a578cE,768590380095242663,769037359755036903,0.0004469796597943443,0.06,traderjoe,0x18556DA13313f3532c54711497A8FedAC273220E,14249000,14249000,0,0.00,0.02,100.00,0.00,283452,3001110718,0.000850670835238536,0.01,17,0
0x05c37739799d47ae9afc984ead3b636f441eb8e9d0d0eba9b3ab685a7d718dd3,2025-03-15T19:01:29.000Z,58770105,success,uniswap-to-traderjoe,true,USDC,WAVAX,14976089,14.976089,50322404,50.322404,7043,0.007043,0.04,uniswap,0xbb00FF08d01D300023C629E8fFfFcb65A5a578cE,808323369445545600,808770349105339840,0.00044697965979423326,0.06,traderjoe,0x18556DA13313f3532c54711497A8FedAC273220E,14983132,14983132,0,0.00,0.02,100.00,0.00,356239,3006747065,0.001071120567688535,0.02,17,0
0xf8b0f11207f5165640e9889e00a702787685d78e01d8c22c51fcbeaa4aa051bf,2025-03-15T19:02:04.000Z,58770122,success,uniswap-to-traderjoe,true,USDC,WAVAX,14426428,14.426428,50289197,50.289197,-11311,-0.011311,-0.07,uniswap,0xbb00FF08d01D300023C629E8fFfFcb65A5a578cE,778574906900144736,778865759898201294,0.0002908529980565344,0.04,traderjoe,0x18556DA13313f3532c54711497A8FedAC273220E,14415117,14415117,0,0.00,0.01,100.00,-0.00,335448,3000000000,0.001006344,0.02,18,0
0xde9c408d813f8b3dda9ac8a076142d3d3c6509ae1242cfec9aebcb0a0ef6c851,2025-03-15T19:02:37.000Z,58770137,success,uniswap-to-traderjoe,true,USDC,WAVAX,15639296,15.639296,50257685,50.257685,-11111,-0.011111,-0.07,uniswap,0xbb00FF08d01D300023C629E8fFfFcb65A5a578cE,843862053971939525,844076584649780497,0.00021453067784105162,0.03,traderjoe,0x18556DA13313f3532c54711497A8FedAC273220E,15628185,15628185,0,0.00,0.01,100.00,-0.00,318106,3000000000,0.000954318,0.02,17,0